,Neighborhood_FID,buildings_total_units,n_occupied_by_owner,n_ownership_with_current_household,n_owned_without_current_household,n_rented_for_residential_purposes,n_rented_with_current_household,n_rented_without_current_household,n_vacation_and_leisure,n_vacant,n_diplomatic_army,n_commercial_use,we_private_individuals,we_private_companies_legal_entities,we_public_companies,we_housing_cooperative,we_does_not_apply_since_no_condominium,w_less_30,w_30_60,w_60_100,w_100_and_more,w_gewerblich,r_1,r_2,r_3,r_4,r_5,r_6,r_7_and_more,r_gewerblich,gs_buildings_with_living_space,gs_residential_buildings,gs_residential_buildings_no_dormitories,gs_dormitory,gs_other_building_with_living_space,j_before_1919,j_1919_1948,j_1949_1978,j_1979_1995,j_1996_2008,j_2009_and_later,e_community_of_apartment_owners,e_private_persons,e_housing_cooperative,e_municipality_housing_company,e_private_housing_company,e_other_private_company,e_federal_or_state_government,e_nonprofit_organization,gt_detached_house,gt_semidetached_house,gt_terraced_house,gt_other_type_of_building,gg_detached_single_family_house,gg_onefamily_semidetached,gg_onefamily_terraced_house,gg_detached_twofamily,gg_twofamily_semidetached_house,gg_twofamily_terraced_house,gg_apartment_3_6,gg_apartment_7_12,gg_apartment_13,gg_other_building_type,h_district,h_floor,h_block,h_central,h_stoves_night,h_no_heating,z_1_apart,z_2_apart,z_3_6_apart,z_7_12_apart,z_13_and_more_apart,families_total_units,famk_couple_wout_child,famk_couple_1_child_less_18,famk_couple_children_more_18,famk_reg_partner_wout_child,famk_reg_partner_1_child_less_18,famk_reg_partner_children_more_18,famk_nonmarital_wout_child,famk_nonmarital_1_child_less_18,famk_nonmarital_children_more_18,famk_fathers_1_child_less_18,famk_fathers_children_more_18,famk_mothers_1_child_less_18,famk_mothers_children_more_18,famk_wout_child,famk_with_child,famk_single_parent,famk_couple,famk_reg_partner,famk_nonmarital,famk_fathers,famk_mothers,famgr_2_pers,famgr_3_pers,famgr_4_pers,famgr_5_pers,famgr_6_more,fams_seniors_only_x,fams_seniors_young_x,fams_wout_seniors_x,households_total_units,hhtyp_single,hhtyp_couples_wout_child,hhtyp_couples_with_child,hhtyp_single_parent,hhtyp_multiplepers_wout_nuclear,hhleb_single,hhleb_married_couples,hhleb_registered_partner,hhleb_nonmarital_partner,hhleb_single_mothers,hhleb_single_fathers,hhleb_multipers_wout_nuclear,hhgr_1_pers,hhgr_2_pers,hhgr_3_pers,hhgr_4_pers,hhgr_5_pers,hhgr_6_more,fams_seniors_only_y,fams_seniors_young_y,fams_wout_seniors_y,population_total_units,al_10_under,al_10_19,al_20_29,al_30_39,al_40_49,al_50_59,al_60_69,al_70_79,al_80_over,alk_18_under,alk_18_29,alk_30_49,alk_50_64,alk_65_over,fam_single,fam_married,fam_widowed,fam_divorced,fam_civil_partner,fam_civil_partner_deceased,fam_civil_partner_dissolved,fam_unknown,geb_germany,geb_eu27,geb_other_europe,geb_other_world,geb_other,ght_male,ght_female,re_roman_catholic,re_protestant,re_other,sg_germany,sg_eu27,sg_other_europe,sg_other_world,sg_other,sh_germany,sh_bosnia,sh_greece,sh_italy,sh_kazakhstan,sh_croatia,sh_netherlands,sh_austria,sh_poland,sh_romania,sh_russia,sh_turkey,sh_ukraine,sh_other,sk_germany,sk_abroad,sz_one,sz_mult_german_foreign,sz_mult_foreign_only,sz_unknown,Land_Value,Area_Types,Area_Count,City_Name
0,1.0,2440,0,394,0,0,1884,28,0,113,0,0,1039,3,11,0,1373,274,933,962,125,0,379,554,675,551,150,38,31,0,0,0,1906,70,458,139,60,1789,309,49,5,1059,840,0,0,173,101,13,108,151,11,1908,343,3,0,86,9,6,68,435,530,912,343,31,250,12,2052,4,0,153,117,496,576,1078,575,242,51,19,0,0,0,141,12,0,3,6,18,9,0,0,0,0,0,0,0,0,435,90,17,6,0,69,55,432,2292,1568,388,122,51,135,1568,342,0,173,35,12,135,1568,485,129,39,3,0,0,0,0,3727,100,132,981,742,586,441,355,253,119,201,1038,1327,626,529,2184,1015,124,366,15,0,0,3,2598,391,175,512,32,2171,1547,429,1119,2170,2848,323,149,385,3,2848,0,13,12,0,0,3,6,95,24,14,66,12,539,2848,879,3523,192,3,3,1811.5,MixedUseArea_Residential,20,Bremen
1,2.0,3442,0,478,5,0,2764,29,3,123,0,0,1347,15,0,0,2071,373,1534,1257,135,0,458,707,1133,863,171,41,9,0,0,0,3042,26,373,114,86,2946,229,22,0,1368,1175,36,7,494,168,0,49,196,62,2890,272,0,0,26,6,6,72,924,1033,1069,272,36,685,48,2565,7,0,40,103,981,1073,1235,882,292,110,31,0,0,0,277,36,0,15,0,43,18,0,0,0,0,0,0,0,0,665,141,40,10,0,100,90,693,3265,2133,566,195,105,244,2133,447,0,316,76,24,244,2133,770,203,84,25,12,0,0,0,5336,244,184,1568,923,677,527,429,387,385,371,1625,1609,751,978,3163,1198,382,583,13,0,0,0,3928,398,296,599,102,2867,2466,644,1768,2922,4362,299,274,401,6,4362,6,14,21,0,0,0,3,58,10,20,154,13,596,4362,974,4951,369,0,6,1314.3,Residential_SpecialUseArea,3,Bremen
2,3.0,5065,0,1295,6,0,3600,3,9,140,0,0,1659,3,0,0,3390,177,1879,1930,938,0,306,1022,1550,1083,500,284,293,0,0,0,4607,0,450,2162,465,1416,786,46,0,1671,2613,7,21,395,82,16,83,253,130,4448,201,18,7,458,12,21,498,2024,1070,678,201,57,1061,67,3759,22,0,523,559,2108,1123,727,1778,535,282,118,0,0,0,449,92,6,3,3,138,75,0,0,0,0,0,0,0,0,1184,352,188,33,6,126,200,1446,4901,2757,992,523,259,365,2757,939,3,566,229,18,365,2757,1328,469,244,46,30,0,0,0,8435,524,468,1673,1541,1406,1186,950,440,238,878,1784,2948,1768,1056,5075,2188,284,838,42,0,0,3,7080,532,235,495,78,4219,4214,924,2669,4843,7571,396,191,269,3,7571,3,3,40,0,6,6,6,71,3,14,107,4,509,7571,868,8018,399,3,6,1623.7,Residential,2,Bremen
3,4.0,84,0,20,0,0,55,0,0,7,0,0,0,0,0,0,82,0,0,58,0,0,0,4,6,49,6,3,3,0,0,0,76,0,8,5,20,52,0,3,0,0,28,0,0,43,5,0,0,0,6,22,53,0,0,22,0,0,0,6,0,0,53,44,6,0,26,0,0,22,3,11,0,46,49,16,7,3,0,0,0,0,8,0,0,0,8,0,0,0,0,0,0,0,0,0,26,6,9,3,0,3,6,39,75,24,19,17,9,0,24,28,0,9,9,0,0,24,25,9,9,3,0,0,0,0,214,36,19,37,21,27,27,19,7,0,50,42,50,46,23,109,85,6,17,0,0,0,0,145,20,22,24,0,114,96,14,46,152,133,20,32,18,10,133,0,3,0,0,0,0,0,12,0,0,24,0,36,133,79,186,15,0,13,172.7,CommercialBuildingArea_Residential,7,Bremen
4,5.0,0,0,0,0,0,0,0,0,0,0,0,0,0,0,0,0,0,0,0,0,0,0,0,0,0,0,0,0,0,0,0,0,0,0,0,0,0,0,0,0,0,0,0,0,0,0,0,0,0,0,0,0,0,0,0,0,0,0,0,0,0,0,0,0,0,0,0,0,0,0,0,0,0,0,0,0,0,0,0,0,0,0,0,0,0,0,0,0,0,0,0,0,0,0,0,0,0,0,0,0,0,0,0,0,0,0,0,0,0,0,0,0,0,0,0,0,0,0,0,0,0,0,0,0,0,9,0,0,0,0,0,0,3,0,0,0,0,3,3,0,0,6,0,0,0,0,0,0,6,0,0,0,0,3,0,0,0,9,9,0,0,0,0,9,0,0,0,0,0,0,0,0,0,0,0,0,0,9,0,9,0,0,0,90.3,CommercialBuildingArea_Residential,3,Bremen
5,6.0,183,0,23,0,0,148,0,0,14,0,0,51,0,0,0,131,3,82,64,3,0,9,26,65,48,13,3,3,0,0,0,161,0,23,20,11,128,12,3,0,51,105,0,0,9,3,0,0,27,25,114,11,0,0,6,0,10,8,104,31,0,11,0,58,0,119,0,0,11,27,109,31,0,67,6,13,0,0,0,0,18,0,0,0,0,15,0,0,0,0,0,0,0,0,0,44,13,3,0,0,3,3,61,168,85,26,19,19,16,85,26,0,18,19,0,16,85,56,13,6,3,0,0,0,0,302,27,19,69,56,51,42,23,16,0,42,70,104,60,25,176,72,7,35,0,0,0,0,240,36,15,6,3,186,118,43,106,154,251,27,20,4,0,251,0,0,0,0,0,0,0,9,5,0,12,0,22,251,52,282,18,0,0,60.0,CommercialBuildingArea,1,Bremen
6,7.0,4217,0,773,8,0,3301,3,0,117,0,0,1674,16,0,3,2517,290,1809,1721,233,0,345,919,1461,1035,299,74,40,0,0,0,3967,15,232,284,203,2795,543,237,0,1702,1772,44,65,341,32,7,78,244,64,3793,95,3,0,67,3,0,124,1367,1761,761,95,212,643,10,3213,29,0,93,142,1390,1786,798,1161,432,115,16,6,0,0,344,42,0,9,9,64,37,0,0,0,0,0,0,0,0,901,152,63,15,0,120,113,903,4080,2584,789,215,150,329,2584,598,6,400,130,17,329,2584,1039,284,104,23,6,0,0,0,6483,267,217,1856,1151,858,667,561,498,408,413,1923,2011,982,1159,3897,1447,468,642,27,0,0,0,5205,433,236,481,101,3313,3168,823,2344,3316,5681,319,196,269,3,5681,9,9,33,0,0,3,12,67,3,23,89,7,484,5681,793,6132,334,0,3,1243.5,CommercialBuildingArea_Residential,5,Bremen
7,8.0,2530,0,529,0,0,1902,0,0,92,0,0,792,7,0,0,1727,99,1250,930,189,0,120,399,1009,656,165,101,73,0,0,0,2462,0,70,324,220,1783,135,28,0,803,1554,7,0,79,0,0,13,83,71,2330,36,3,3,119,0,9,237,1366,606,137,36,21,918,0,1520,26,0,128,258,1370,614,153,812,248,112,38,0,0,0,237,39,0,3,6,58,34,0,0,0,0,0,0,0,0,576,146,68,9,3,84,72,657,2434,1382,490,207,114,241,1382,408,0,286,92,21,241,1382,705,211,100,18,18,0,0,0,4119,205,226,1220,729,607,434,337,245,119,357,1295,1332,629,507,2509,974,176,443,18,0,0,0,3276,277,230,304,26,2150,1969,521,1476,2124,3481,214,225,180,3,3481,6,7,14,0,3,0,3,54,9,8,142,6,348,3481,638,3885,213,6,6,657.9,Residential,2,Bremen
8,9.0,4389,0,1065,0,0,3197,0,0,115,0,0,950,23,0,0,3410,134,1614,1791,781,0,152,614,1482,1022,502,285,328,0,0,0,4233,0,151,1165,1473,1589,41,41,5,980,2583,30,406,241,14,3,11,159,60,4111,26,0,6,407,9,4,683,2017,1079,117,26,43,1575,7,2684,12,5,430,710,2036,1083,117,1781,495,305,135,3,0,0,441,116,12,9,6,152,96,0,0,0,0,0,0,0,0,1152,379,201,36,6,167,174,1447,4263,2107,941,569,275,372,2107,933,3,570,249,19,372,2107,1322,487,243,78,15,0,0,0,7731,536,495,1809,1349,1166,1000,670,442,267,902,1936,2516,1383,996,4567,2095,358,691,13,0,0,3,6559,390,308,421,44,3696,4035,901,2723,4107,6936,286,288,218,0,6936,7,0,35,0,0,0,3,40,3,0,197,9,421,6936,797,7371,353,6,0,822.0,Residential,2,Bremen
9,10.0,2986,0,750,0,0,2152,0,0,82,0,0,797,33,0,0,2151,137,1259,1115,422,0,113,459,1044,716,283,168,192,0,0,0,2835,5,145,597,733,1462,112,15,7,834,1785,12,132,97,40,0,6,143,64,2727,34,6,6,377,13,11,380,1406,653,74,34,46,1132,40,1713,11,0,402,411,1433,660,74,1061,333,178,68,0,0,0,243,56,0,3,9,97,49,0,0,0,0,0,0,0,0,708,190,123,33,6,111,104,841,2904,1601,582,319,161,244,1601,582,0,312,142,15,244,1601,800,265,150,53,24,0,0,0,5055,307,349,1259,819,830,597,411,315,171,584,1332,1649,817,674,2983,1347,218,491,18,0,0,0,4173,296,277,280,24,2515,2540,532,1746,2777,4372,240,264,173,3,4372,3,9,16,0,3,3,0,23,7,15,182,0,372,4372,683,4787,251,6,3,769.7,Residential,2,Bremen
10,11.0,2870,0,918,0,0,1916,6,0,25,0,0,1250,28,6,3,1577,51,860,1661,165,0,124,369,979,1020,179,66,84,0,0,0,2836,0,30,61,166,2587,6,4,17,1293,492,28,867,102,0,0,0,126,187,2459,87,11,0,138,19,7,101,518,1553,411,87,377,461,560,1338,60,0,157,125,526,1571,470,1212,468,204,60,0,0,0,196,53,0,9,3,110,65,0,0,0,0,0,0,0,0,820,233,107,36,0,226,137,850,2837,1502,665,338,206,120,1502,744,0,253,183,15,120,1502,865,270,140,36,3,0,0,0,4892,341,338,827,631,713,556,572,537,383,591,912,1342,878,1170,2245,1688,435,517,3,0,0,0,4011,277,333,252,21,2279,2613,510,1797,2585,4315,149,308,120,0,4315,9,0,9,0,0,3,6,19,12,6,240,3,224,4315,578,4591,298,0,0,634.7,Residential,3,Bremen
11,12.0,3884,0,1120,3,0,2600,3,0,152,0,0,1117,35,0,0,2725,43,1488,1651,588,0,85,575,1292,1015,393,251,252,0,0,0,3711,5,165,1338,665,1276,291,192,0,1160,2313,33,46,173,4,0,27,165,136,3485,80,5,0,406,23,21,590,1702,749,278,80,62,1424,50,2260,15,0,435,650,1730,753,304,1511,485,231,85,0,0,0,354,91,6,6,0,135,74,0,0,0,0,0,0,0,0,1016,298,158,16,9,132,161,1223,3724,1954,845,431,239,265,1954,804,3,463,204,9,265,1954,1105,384,192,43,42,0,0,0,6651,419,431,1422,1160,1104,840,584,402,287,739,1532,2265,1170,939,3858,1826,365,586,16,0,0,0,5720,345,231,299,57,3227,3424,700,2534,3416,6022,242,224,156,4,6022,6,13,12,0,0,6,3,43,6,9,138,9,323,6022,627,6368,275,0,4,765.2,Residential,4,Bremen
12,13.0,854,0,253,0,0,563,0,0,16,0,0,69,34,0,0,747,41,306,213,157,0,82,146,212,141,106,69,67,0,0,0,832,0,17,38,146,493,62,60,0,106,400,84,48,116,60,5,0,230,167,434,9,89,81,49,56,6,49,141,181,178,9,9,262,7,537,3,0,232,122,141,181,178,364,145,47,27,0,0,0,37,3,0,0,0,22,29,0,0,0,0,0,0,0,0,244,61,36,0,0,67,54,232,823,415,193,98,62,36,415,238,0,49,58,0,36,415,249,76,42,9,3,0,0,0,1503,96,105,305,197,203,201,168,142,70,169,337,405,285,294,719,560,89,125,0,0,0,0,1104,135,88,146,11,806,690,171,514,813,1233,100,76,72,0,1233,0,0,10,0,0,3,3,14,12,0,51,3,131,1233,265,1394,103,0,0,129.7,CommercialBuildingArea_OtherArea_Residential,4,Bremen
13,14.0,3586,0,1291,0,0,2146,0,0,126,0,0,876,3,0,0,2691,57,1012,1628,611,0,85,529,928,1078,415,256,225,0,0,0,3423,10,148,522,946,1209,288,402,43,887,2034,21,42,360,37,13,13,516,138,2821,67,69,43,791,56,33,285,969,736,472,67,199,891,73,2297,18,0,936,385,1012,742,485,1713,575,397,94,0,0,0,249,65,6,9,9,140,61,0,0,0,0,0,0,0,0,1021,374,206,65,12,184,213,1301,3452,1507,837,602,271,232,1507,1085,0,337,231,28,232,1507,1072,451,253,91,46,0,0,0,7114,569,687,1277,1004,1142,890,653,537,322,1123,1420,2155,1217,1188,3555,2501,430,605,24,0,0,0,5589,385,585,406,96,3603,3498,723,2312,4062,5850,306,667,256,10,5850,13,16,10,0,4,4,6,79,6,13,577,8,434,5850,1262,6730,359,0,10,218.7,CommercialBuildingArea_OtherArea_Residential,16,Bremen
14,15.0,3615,0,2739,0,0,788,0,0,33,0,0,391,0,0,0,3226,3,192,799,2072,0,6,136,331,638,1007,800,596,0,0,0,3502,47,60,126,362,1022,1588,135,54,394,3143,9,3,0,15,0,0,1339,695,1507,36,797,484,1340,296,139,29,347,75,59,36,63,397,19,2978,24,0,2651,477,356,75,72,2530,1279,483,324,0,0,0,97,33,6,3,6,35,53,0,0,0,0,0,0,0,0,1550,543,321,33,6,599,422,1508,3555,928,1416,921,171,58,928,2119,0,177,136,9,58,928,1543,578,347,62,9,0,0,0,8023,522,766,643,653,1176,1269,1481,1105,348,1115,838,1831,2043,2199,2514,4482,587,423,0,0,0,0,7305,253,106,213,36,3882,4133,633,3781,3607,7703,50,88,118,3,7703,0,0,0,0,6,3,0,12,0,9,24,3,187,7703,306,7809,180,0,3,278.6,AgriculturalArea_CommercialBuildingArea_OtherArea_Residential,10,Bremen
15,16.0,3840,0,2396,0,0,1392,0,0,18,0,0,602,46,0,0,3182,7,448,1132,1736,0,91,426,561,705,911,697,369,0,0,0,3802,0,28,131,138,1279,745,1104,26,657,2443,0,49,598,0,0,3,882,601,2285,24,335,444,1364,180,83,26,285,375,669,24,772,270,54,2583,9,0,2180,308,295,375,670,2701,967,809,328,3,0,0,125,52,0,12,0,154,72,0,0,0,0,0,0,0,0,1309,657,562,88,24,384,278,2019,3795,1001,1110,1251,287,51,1001,2118,3,230,248,18,51,1001,1292,660,591,125,38,0,0,0,9315,826,1217,874,1027,1723,1251,1062,842,482,1796,1122,2748,1838,1793,3451,4639,632,565,6,0,0,0,7446,548,477,686,105,4427,4885,1070,3938,4295,8672,136,339,107,11,8672,4,3,0,6,6,3,0,48,0,49,216,26,193,8672,629,8311,983,0,11,295.3,CommercialBuildingArea_Residential,7,Bremen
16,17.0,6148,0,1920,0,0,4069,0,0,79,0,0,1271,99,0,0,4761,6,1740,2910,851,0,130,793,1772,1780,803,388,315,0,0,0,6030,13,99,118,942,4193,347,231,6,1381,1967,0,1203,1307,10,0,0,1019,538,4230,313,302,329,632,166,90,78,1232,1741,1199,313,552,443,55,4578,326,0,1317,331,1268,1809,1394,3333,1232,772,333,0,0,0,213,107,9,9,3,309,139,0,0,0,0,0,0,0,0,1819,769,498,152,42,522,416,2394,6023,2511,1482,1290,542,147,2511,2363,0,373,477,37,147,2511,1850,789,525,171,78,0,0,0,12505,1224,1338,1604,1589,1907,1685,1460,1226,471,2273,1897,3500,2424,2429,5207,5285,795,1175,15,0,0,6,8818,1031,1150,1356,78,6020,6478,1662,4063,6779,10276,449,1178,530,22,10276,9,5,33,17,3,6,3,182,22,58,824,41,886,10276,2220,10719,1720,20,25,206.5,CommercialBuildingArea_Residential,8,Bremen
17,18.0,2488,0,1574,3,0,840,0,0,46,0,0,105,7,0,0,2369,42,423,816,969,0,45,79,301,602,659,433,325,0,0,0,2395,64,25,15,91,1862,193,175,9,112,1792,368,25,51,63,0,0,480,111,1831,34,248,79,1311,73,10,21,430,183,68,34,92,171,439,1671,44,0,1667,117,444,183,87,1529,684,368,173,0,0,0,84,24,0,0,0,67,24,0,0,0,0,0,0,0,0,898,318,236,43,3,347,223,974,2417,826,785,586,144,36,826,1227,0,121,115,6,36,826,890,351,248,52,4,0,0,0,5224,455,459,492,580,782,639,740,703,386,805,590,1353,1001,1464,1781,2603,468,364,9,0,0,0,4306,315,201,306,78,2503,2721,612,2097,2510,4941,81,112,56,0,4941,4,4,3,0,0,0,0,21,5,9,59,6,112,4941,273,4809,407,3,0,247.1,Residential,4,Bremen
18,19.0,5024,0,2204,0,0,2682,0,0,79,0,0,1161,16,0,0,3838,6,810,2505,997,0,67,522,1137,1545,804,478,298,0,0,0,4963,6,40,106,158,3975,268,242,6,1180,2008,77,1360,65,119,0,6,1402,586,2874,110,468,232,888,180,76,24,1381,945,657,110,484,174,62,4088,21,0,1635,293,1417,965,696,3064,1219,683,301,0,0,0,185,85,0,12,3,238,114,0,0,0,0,0,0,0,0,1737,696,415,102,35,622,365,2050,4903,1679,1444,1151,444,121,1679,2211,0,334,383,25,121,1679,1744,732,457,136,48,0,0,0,10870,1125,1214,1286,1169,1573,1339,1176,1420,516,2080,1587,2740,1929,2537,4295,4852,777,912,9,0,0,0,7917,643,818,1295,87,5308,5539,1108,3942,5813,9249,265,718,537,14,9249,9,3,9,12,0,0,0,105,9,101,395,28,772,9249,1610,9440,1374,12,21,200.7,AgriculturalArea_CommercialBuildingArea_Residential,5,Bremen
19,20.0,3267,0,1339,0,0,1867,0,0,20,0,0,1106,10,0,3,2139,5,1036,1575,343,0,121,496,866,1068,346,189,117,0,0,0,3251,0,10,10,55,2804,154,142,10,1124,730,0,1267,0,30,0,0,647,482,1994,135,158,98,355,81,18,3,324,1526,549,135,858,55,21,2245,6,0,648,103,343,1571,588,1779,697,379,154,0,0,0,116,37,3,6,6,201,84,0,0,0,0,0,0,0,0,1059,363,221,63,24,324,206,1228,3227,1360,822,624,332,76,1360,1254,0,180,291,25,76,1360,1083,379,241,70,31,0,0,0,6666,610,664,763,744,933,836,722,911,482,1127,925,1677,1212,1732,2541,2782,676,680,3,0,0,0,4691,425,583,819,106,3119,3541,739,2538,3391,5737,186,439,265,16,5737,0,0,9,15,0,0,3,57,9,62,264,15,388,5737,922,5653,982,0,17,207.1,Residential,3,Bremen
20,21.0,3762,0,1877,0,0,1789,0,0,59,0,0,914,48,0,0,2796,10,448,2234,622,0,6,237,969,1276,670,298,209,0,0,0,3702,0,54,59,134,3156,144,112,0,968,1724,28,870,13,6,0,3,768,457,2470,37,256,108,983,143,28,46,1256,769,98,37,571,266,341,2361,79,3,1382,228,1281,769,98,2245,872,488,206,0,0,0,113,81,0,12,9,227,82,0,0,0,0,0,0,0,0,1275,496,302,73,18,440,299,1498,3678,1313,1013,828,403,97,1313,1601,0,221,346,35,97,1313,1285,521,331,119,33,0,0,0,7962,761,883,865,862,1173,974,938,996,511,1493,1031,2035,1450,1972,3048,3540,676,670,9,0,0,0,5989,487,641,737,53,3769,4186,854,3041,4065,6850,213,543,304,3,6850,0,6,12,6,0,3,0,76,3,47,343,12,462,6850,1098,6996,931,6,9,207.0,Residential,2,Bremen
21,22.0,1562,0,1147,0,0,353,0,0,15,0,0,94,33,0,0,1442,3,114,514,606,0,3,58,176,306,478,319,174,0,0,0,1527,9,22,6,557,817,58,26,0,126,1327,0,0,88,0,0,0,495,421,601,16,398,322,415,96,84,16,209,12,0,16,9,289,0,1187,9,0,1158,207,214,12,0,1041,483,194,99,0,0,0,38,6,0,3,3,26,18,0,0,0,0,0,0,0,0,641,228,110,9,0,277,152,590,1526,442,552,371,87,12,442,818,0,89,62,9,12,442,635,229,127,21,0,0,0,0,3304,194,299,270,233,592,456,426,611,196,445,334,839,670,1039,1091,1732,245,236,18,0,0,0,3053,91,34,59,9,1590,1714,270,1554,1480,3220,27,22,10,0,3220,0,0,0,0,0,3,0,6,0,3,16,0,17,3220,73,3210,79,0,0,221.9,Residential,2,Bremen
22,22.0,1562,0,1147,0,0,353,0,0,15,0,0,94,33,0,0,1442,3,114,514,606,0,3,58,176,306,478,319,174,0,0,0,1527,9,22,6,557,817,58,26,0,126,1327,0,0,88,0,0,0,495,421,601,16,398,322,415,96,84,16,209,12,0,16,9,289,0,1187,9,0,1158,207,214,12,0,1041,483,194,99,0,0,0,38,6,0,3,3,26,18,0,0,0,0,0,0,0,0,641,228,110,9,0,277,152,590,1526,442,552,371,87,12,442,818,0,89,62,9,12,442,635,229,127,21,0,0,0,0,3304,194,299,270,233,592,456,426,611,196,445,334,839,670,1039,1091,1732,245,236,18,0,0,0,3053,91,34,59,9,1590,1714,270,1554,1480,3220,27,22,10,0,3220,0,0,0,0,0,3,0,6,0,3,16,0,17,3220,73,3210,79,0,0,221.9,Residential,2,Bremen
23,23.0,5539,0,1915,0,0,3410,3,0,182,0,0,1477,50,0,0,4001,90,1863,2331,882,0,109,767,1756,1438,707,404,290,0,0,0,5408,0,123,479,806,2936,785,251,34,1534,2691,18,312,656,23,0,31,491,569,4321,93,59,175,1014,49,66,461,2229,1077,238,93,133,1344,217,3647,32,0,1314,577,2284,1088,253,2616,916,530,243,0,0,0,305,116,3,12,12,248,110,0,0,0,0,0,0,0,0,1533,582,383,46,19,324,309,1969,5337,2468,1232,946,436,234,2468,1696,0,473,374,39,234,2468,1609,661,429,56,38,0,0,0,10231,861,883,1643,1413,1626,1461,1077,887,359,1547,1848,3043,2044,1755,4710,3846,623,1012,9,0,0,0,8327,611,481,704,53,5131,5081,1101,3982,5145,9110,289,487,282,0,9110,11,9,11,9,5,0,6,108,3,23,306,19,492,9110,1118,9389,809,3,6,320.1,CommercialBuildingArea_OtherArea_Residential,6,Bremen
24,24.0,1538,0,819,0,0,668,0,0,40,0,0,308,0,0,0,1229,3,303,567,446,0,5,91,356,435,288,178,141,0,0,0,1519,0,17,172,381,580,197,100,0,310,972,61,0,76,53,0,0,385,410,703,22,125,262,237,51,80,95,458,156,39,22,26,306,61,1069,19,0,645,224,469,156,39,887,390,177,73,0,0,0,64,24,0,0,3,35,42,0,0,0,0,0,0,0,0,547,183,110,25,3,172,129,585,1490,543,470,319,99,48,543,657,0,124,91,3,48,543,561,195,113,24,13,0,0,0,3130,207,310,297,301,547,413,441,391,206,461,360,855,656,807,1128,1446,298,253,3,0,0,0,2746,140,65,116,41,1507,1625,209,1550,1372,2936,83,52,35,3,2936,10,0,0,0,0,0,0,12,0,0,22,3,102,2936,183,3016,111,0,6,230.0,Residential,1,Bremen
25,25.0,445,0,307,0,0,115,0,0,10,0,0,37,0,6,0,406,0,9,75,168,0,0,6,46,73,115,80,77,0,0,0,433,0,9,110,24,77,61,82,3,43,397,0,0,0,0,0,3,367,59,8,9,242,30,7,83,18,3,54,8,0,9,19,24,0,363,9,0,285,113,57,8,0,307,96,78,30,0,0,0,21,6,3,0,0,3,6,0,0,0,0,0,0,0,0,142,49,53,6,0,15,21,242,434,95,119,151,21,0,95,228,0,41,12,0,0,95,126,55,59,15,3,0,0,0,1058,55,180,88,101,245,182,76,71,24,196,139,348,218,148,416,515,46,58,0,0,0,0,964,29,25,38,0,516,537,43,620,382,1023,3,18,6,0,1023,0,0,0,0,0,0,0,0,0,0,15,0,12,1023,30,1006,44,0,3,71.8,CommercialBuildingArea_OtherArea_Residential,3,Bremen
26,26.0,173,0,91,0,0,42,0,0,0,0,0,15,3,0,0,156,0,0,15,30,0,0,0,9,24,24,25,40,0,0,0,165,0,8,21,0,63,18,15,0,19,152,0,0,0,0,0,0,148,14,3,9,84,14,0,62,0,3,7,0,0,9,0,3,0,151,0,0,95,74,11,0,0,108,35,12,3,0,0,0,3,0,0,0,0,0,0,0,0,0,0,0,0,0,0,53,12,15,0,0,9,12,59,165,32,45,39,0,0,32,89,0,3,0,0,0,32,46,15,21,0,0,0,0,0,422,18,36,36,26,92,74,37,45,12,60,37,122,102,90,138,242,12,18,0,0,0,0,373,3,0,11,0,206,215,11,251,145,414,3,0,0,0,414,0,0,0,0,0,0,0,3,0,0,0,0,0,414,3,417,0,0,0,61.8,AgriculturalArea_CommercialBuildingArea_Residential,3,Bremen
27,27.0,4625,0,1125,0,0,3363,3,3,117,0,0,1042,10,0,0,3564,232,1895,1631,785,0,244,889,1466,1017,447,263,291,0,0,0,4251,3,374,1526,473,2219,190,101,9,1059,2971,8,6,242,152,0,28,239,95,4128,137,10,0,541,16,15,574,2111,812,369,137,106,1534,97,2782,17,0,599,627,2177,817,397,1565,412,259,109,0,0,0,416,119,3,0,3,144,69,0,0,0,0,0,0,0,0,1001,350,170,18,11,87,173,1308,4494,2546,840,490,228,386,2546,777,3,541,203,12,386,2546,1145,465,242,47,32,0,0,0,7733,468,476,1641,1505,1353,1060,672,328,233,845,1741,2858,1470,820,4965,1783,296,665,28,0,0,0,6624,398,253,386,71,3812,3921,817,2427,4490,6971,311,237,190,22,6971,3,3,37,0,6,9,0,22,0,3,143,6,461,6971,763,7383,327,0,22,1400.0,Residential,1,Bremen
28,28.0,4117,0,1129,0,0,2856,6,3,112,0,0,1417,12,0,0,2680,230,1328,1751,717,0,299,664,1153,1058,435,207,287,0,0,0,3931,26,158,1868,577,1315,171,26,0,1437,2386,9,24,60,7,0,48,123,95,3818,56,3,10,298,7,13,482,1866,880,473,56,211,1055,3,2777,19,0,322,515,1902,891,475,1479,434,210,87,3,0,0,387,112,6,9,0,121,80,0,0,0,0,0,0,0,0,1013,301,126,30,3,118,158,1220,3993,2240,829,422,227,276,2240,729,3,511,209,9,276,2240,1106,399,149,60,21,0,0,0,6674,395,368,1369,1305,1184,909,719,308,124,654,1475,2489,1341,715,4151,1687,198,596,46,0,0,0,5810,329,154,334,46,3245,3429,714,2235,3725,6135,232,127,167,7,6135,3,3,25,0,9,3,3,27,3,3,57,0,328,6135,538,6409,249,0,7,1040.0,Residential,1,Bremen
29,29.0,5548,0,1711,3,0,3626,6,0,204,0,0,1516,103,0,0,3919,183,1694,2337,1192,0,232,721,1451,1490,673,381,567,0,0,0,5222,116,207,1648,1400,1943,246,50,95,1630,2751,253,45,533,56,0,92,395,156,4907,70,0,3,860,37,33,674,1816,1538,485,70,58,1352,36,3967,27,0,892,735,1852,1544,509,2333,811,478,185,0,0,0,334,167,6,15,3,199,93,0,0,0,0,0,0,0,0,1397,524,330,61,3,265,236,1832,5340,2722,1151,839,352,280,2722,1469,0,513,313,21,280,2722,1483,630,354,93,18,0,0,0,9754,781,728,1252,1460,1810,1477,1106,672,465,1365,1396,3274,2127,1594,5023,3253,495,960,33,0,3,0,8626,439,266,346,64,4478,5272,1006,3529,5218,9115,252,218,143,0,9115,9,3,39,0,21,3,6,44,0,6,111,7,300,9115,640,9395,354,0,0,858.1,OtherArea_Residential,3,Bremen
30,30.0,3409,0,1196,0,0,2084,3,0,116,0,0,1096,3,0,0,2305,170,1318,1415,321,0,262,564,1044,925,279,143,147,0,0,0,3308,0,96,258,776,2031,152,97,0,1103,1472,28,14,669,6,0,26,172,186,2769,273,22,18,735,16,3,188,945,794,405,273,786,559,31,1950,19,0,784,208,966,801,650,1302,442,244,68,0,0,0,213,41,3,13,3,156,63,0,0,0,0,0,0,0,0,850,281,125,21,3,152,119,1037,3284,1807,655,386,263,170,1807,769,0,273,232,19,170,1807,935,319,157,39,10,0,0,0,5555,364,408,964,845,941,805,591,374,257,674,1053,1789,1147,884,2889,1713,330,607,15,0,0,0,4620,283,218,382,43,2696,2860,549,1975,3032,4903,174,205,255,3,4903,18,17,26,0,25,0,0,21,5,9,77,7,390,4903,652,5315,233,0,3,849.1,Residential,2,Bremen
31,31.0,3533,0,1188,3,0,2242,12,0,57,0,0,1679,164,0,0,1659,25,955,1724,587,0,44,453,1133,1031,368,195,229,0,0,0,3477,11,41,70,238,2762,246,66,32,1860,1073,23,126,253,18,3,39,670,277,2447,123,181,83,256,54,9,37,1312,1242,219,123,736,430,27,2198,14,0,516,113,1366,1295,235,1398,570,240,99,0,0,0,241,24,3,0,3,61,45,0,0,0,0,0,0,0,0,935,287,132,12,0,269,159,966,3435,1880,814,430,148,132,1880,931,0,300,132,3,132,1880,1016,312,147,21,0,0,0,0,5830,381,342,869,808,844,669,735,685,489,658,932,1650,1002,1583,2635,2114,466,589,12,0,0,0,5132,281,109,248,20,2604,3219,634,2475,2713,5501,141,52,110,0,5501,0,0,3,0,0,12,3,19,0,9,6,6,182,5501,326,5593,225,0,0,562.7,CommercialBuildingArea_OtherArea_Residential,4,Bremen
32,32.0,2691,0,993,8,0,1576,16,0,77,0,0,1190,13,0,0,1470,107,575,1073,814,0,157,330,632,691,296,209,364,0,0,0,2615,6,66,902,416,1171,94,9,3,1215,1243,0,18,125,6,3,3,638,193,1768,75,73,70,195,50,25,278,1100,549,264,75,10,382,0,2217,6,0,339,358,1125,555,303,1184,459,265,105,3,0,0,205,18,3,6,3,47,33,0,0,0,0,0,0,0,0,746,249,141,27,0,180,182,818,2575,1271,659,414,111,120,1271,824,3,242,91,12,120,1271,807,261,146,49,3,0,0,0,4682,332,320,602,670,731,645,689,426,269,580,676,1395,1003,1024,2178,1831,267,394,18,0,0,0,4184,222,67,159,30,2164,2516,537,1900,2242,4427,139,36,63,0,4427,0,0,0,0,3,0,3,12,0,0,12,3,152,4427,256,4516,152,3,0,790.0,Residential,1,Bremen
33,33.0,1775,0,481,9,0,1194,34,0,48,0,0,804,0,0,0,958,80,504,734,382,0,110,317,483,468,213,73,94,0,0,0,1650,17,112,816,118,709,33,16,0,810,779,0,0,36,16,5,48,207,42,1475,35,3,0,24,3,3,100,875,473,230,35,14,293,0,1430,0,0,32,119,886,491,231,648,226,108,56,0,0,0,154,38,0,0,0,19,28,0,0,0,0,0,0,0,0,434,153,50,9,0,77,98,483,1677,949,382,201,70,74,949,387,0,193,64,3,74,949,473,169,61,12,0,0,0,0,2747,179,119,458,526,456,338,359,218,100,266,486,979,527,489,1479,895,112,238,24,0,0,0,2407,159,57,110,13,1333,1414,318,964,1467,2553,105,43,46,0,2553,0,3,0,0,0,9,6,6,0,3,16,0,119,2553,196,2625,122,0,0,1120.0,Residential,1,Bremen
34,34.0,3668,0,1300,3,0,2259,13,0,57,0,0,1603,31,0,0,2026,40,851,1923,616,0,64,461,1052,1170,447,193,247,0,0,0,3500,88,82,186,377,2717,102,145,12,1641,1134,23,0,492,219,16,26,676,282,2586,104,73,46,429,33,20,95,1392,993,468,104,254,602,83,2618,8,0,573,147,1449,1027,468,1576,612,311,100,0,0,0,267,42,0,0,3,102,40,0,0,0,0,0,0,0,0,1046,297,202,12,0,302,167,1102,3564,1819,886,490,203,163,1819,1040,0,322,172,9,163,1819,1142,312,216,19,12,0,0,0,6234,435,419,794,865,962,750,696,722,597,772,884,1827,1089,1664,2776,2306,549,588,9,0,0,0,5499,281,104,254,65,2775,3460,675,2704,2861,5926,110,61,96,0,5926,0,0,3,0,0,0,0,21,0,9,10,3,202,5926,302,5977,262,0,0,590.0,Residential,2,Bremen
35,35.0,4014,0,1687,9,0,2158,18,0,110,0,0,1763,10,0,0,2216,62,790,1643,1141,0,86,482,1053,988,477,317,526,0,0,0,3945,0,61,339,550,2108,580,165,11,1783,1668,0,0,312,125,0,0,979,345,2512,153,252,126,594,53,33,197,1149,780,636,153,252,376,173,3037,3,0,992,289,1176,859,670,1887,797,376,158,0,0,0,223,24,6,0,0,104,53,0,0,0,0,0,0,0,0,1196,383,229,34,3,350,284,1257,3844,1821,1029,619,217,130,1821,1354,0,286,186,3,130,1821,1269,404,230,62,6,0,0,0,7044,549,487,897,880,1073,926,962,836,429,943,988,1968,1408,1749,2979,2972,464,605,30,0,0,0,6034,356,187,398,27,3230,3813,701,2835,3499,6524,182,157,154,0,6524,0,6,6,3,3,6,6,19,3,26,44,30,276,6524,511,6715,313,3,0,596.6,Residential,2,Bremen
36,36.0,2010,0,747,0,0,1153,18,0,71,0,0,790,6,0,0,1205,34,455,827,530,0,46,240,505,533,256,151,270,0,0,0,1950,0,57,393,520,852,164,0,7,803,1014,0,0,73,47,0,4,360,196,1390,52,46,24,239,24,29,161,908,408,93,52,15,312,0,1623,3,0,320,212,928,441,94,889,319,206,63,3,0,0,120,28,0,3,0,56,30,0,0,0,0,0,0,0,0,533,205,115,18,3,132,120,638,1902,911,451,326,121,106,911,589,3,183,104,6,106,911,585,213,128,34,9,0,0,0,3562,306,233,414,558,535,479,477,310,258,504,452,1089,705,815,1658,1343,244,303,10,0,0,3,3117,198,52,142,35,1615,1946,400,1470,1693,3374,109,20,45,0,3374,0,3,6,0,0,0,3,15,0,0,3,3,113,3374,194,3413,144,3,0,790.0,Residential,1,Bremen
37,37.0,4354,0,1790,7,0,2358,15,0,130,0,0,2017,8,0,3,2316,47,834,1987,1207,0,58,479,1062,1247,553,361,541,0,0,0,4252,0,95,801,872,2029,294,122,0,2039,2067,0,19,54,18,0,31,976,451,2764,134,108,108,586,59,32,305,1651,1016,294,134,95,580,11,3518,18,0,844,405,1697,1061,323,1983,759,384,143,3,0,0,285,83,0,3,9,114,62,0,0,0,0,0,0,0,0,1267,413,227,44,0,311,274,1401,4159,1970,1062,664,249,199,1970,1315,3,382,213,18,199,1970,1350,467,243,69,15,0,0,0,7634,550,558,998,1029,1243,1100,1088,707,374,990,1120,2268,1639,1622,3652,2868,428,654,18,0,0,0,6805,325,119,281,57,3545,4086,746,3070,3823,7218,198,68,81,6,7218,0,3,21,0,6,6,3,6,3,9,28,10,234,7218,411,7372,247,0,6,676.0,Residential,3,Bremen
38,38.0,4243,0,1777,0,0,2380,0,0,51,0,0,1360,614,0,0,2231,39,1487,1555,741,0,83,499,1106,1208,594,384,260,0,0,0,4208,0,38,7,73,3813,46,140,3,2001,1224,58,762,70,0,0,0,639,369,2984,214,106,69,796,35,20,120,298,1632,868,214,3241,62,13,637,6,0,1015,183,314,1692,983,1885,843,360,143,3,0,0,161,46,0,3,9,105,86,0,0,0,0,0,0,0,0,1199,413,201,39,0,445,201,1236,4161,2142,1013,611,243,108,2142,1374,3,222,200,24,108,2142,1244,434,213,51,3,0,0,0,7414,471,539,820,780,1108,1020,934,1039,683,890,949,1886,1510,2173,2754,3082,763,805,10,0,0,3,5916,475,416,495,63,3448,3967,760,2864,3798,6715,159,360,159,3,6715,24,12,0,0,25,3,0,31,4,16,195,8,271,6715,696,6763,629,3,3,348.4,CommercialBuildingArea_Residential,4,Bremen
39,39.0,3821,0,658,3,0,3132,5,0,21,0,0,547,11,0,0,3244,0,1026,2514,84,0,124,778,1573,1031,177,48,9,0,0,0,3821,0,0,0,0,3789,0,20,0,568,261,9,2863,0,0,0,0,158,408,3094,147,0,6,250,0,0,0,499,1687,1203,147,3640,0,0,39,0,0,265,0,511,1700,1318,2087,718,490,166,0,0,0,171,86,3,9,6,270,113,0,0,0,0,0,0,0,0,1182,481,287,112,15,336,168,1580,3788,1548,898,761,425,145,1548,1385,0,285,393,18,145,1548,1276,506,303,110,21,0,0,0,7605,815,753,1250,973,994,896,668,863,387,1422,1400,1970,1271,1541,3219,3091,543,737,6,0,0,3,4583,659,822,1459,69,3554,4052,1146,2535,3920,6336,206,611,441,8,6336,3,0,9,20,14,0,6,80,6,114,306,52,591,6336,1271,5950,1631,6,9,245.0,Residential,1,Bremen
40,40.0,2287,0,374,5,0,1875,7,0,7,0,0,483,3,0,3,1791,69,1191,875,43,0,74,694,802,525,120,13,9,0,0,0,2276,0,9,0,3,2073,81,99,0,491,66,0,1663,6,0,0,0,133,313,1811,21,6,0,43,0,0,0,283,1119,799,21,2114,0,0,94,0,0,52,6,283,1135,799,974,453,148,46,3,0,0,67,20,0,3,0,117,68,0,0,0,0,0,0,0,0,696,179,74,14,0,217,92,670,2256,1226,528,234,207,48,1226,658,3,104,196,6,48,1226,725,194,82,14,3,0,0,0,3819,260,231,519,424,450,505,442,569,407,442,573,878,734,1191,1344,1486,479,508,3,0,0,0,2319,378,431,608,80,1621,2199,579,1325,1918,3345,76,270,123,3,3345,13,7,3,3,10,0,0,37,0,46,135,26,169,3345,476,3114,701,0,3,230.3,CommercialBuildingArea_Residential,2,Bremen
41,41.0,4060,0,948,0,0,3058,10,0,21,0,0,828,21,0,3,3189,3,1415,2305,83,0,458,767,1360,1012,284,58,10,0,0,0,4059,0,0,0,0,3995,54,3,0,861,408,10,2599,0,0,0,50,580,199,3147,108,0,0,376,3,3,9,539,1316,1662,108,3862,3,0,20,0,0,400,13,570,1341,1714,1984,739,409,172,0,0,0,148,56,0,3,3,224,133,0,0,0,0,0,0,0,0,1202,463,236,59,7,324,177,1489,4013,1920,903,657,406,95,1920,1326,0,238,373,15,95,1920,1247,486,255,68,22,0,0,0,7416,665,632,1089,901,1034,1051,698,884,463,1155,1236,1933,1420,1677,2932,3006,645,823,21,0,0,0,4644,719,780,1174,81,3478,3937,1159,2477,3780,6205,237,656,313,0,6205,10,0,9,9,9,3,3,117,9,72,403,34,456,6205,1208,5967,1431,9,3,235.0,Residential,1,Bremen
42,42.0,2375,0,1229,3,0,1000,24,0,43,0,0,559,171,0,0,1639,192,351,595,765,0,204,298,262,463,367,289,365,0,0,0,2163,192,15,61,337,941,518,275,10,734,1254,0,47,79,188,0,0,1258,383,670,49,507,280,260,103,63,9,443,211,435,49,153,100,70,1920,3,0,1060,188,463,212,455,1250,532,266,126,0,0,0,83,18,0,0,0,27,12,0,0,0,0,0,0,0,0,717,271,161,43,0,246,145,807,2265,948,638,485,87,24,948,973,0,127,69,0,24,948,715,280,165,59,6,0,0,0,4682,322,455,469,452,675,615,630,516,482,696,563,1150,923,1344,1761,2151,423,316,15,0,0,0,3948,241,106,260,80,2181,2507,492,2093,2068,4480,82,39,39,0,4480,0,0,6,0,0,3,0,9,0,6,9,3,80,4480,193,4358,313,0,0,492.7,OtherArea_Residential,5,Bremen
43,43.0,5067,0,1539,4,0,3415,16,0,53,0,0,1588,112,0,0,3355,1123,1214,1527,878,0,1157,589,1105,992,470,325,319,0,0,0,3593,1373,86,56,281,2394,1043,809,207,1705,1444,0,42,165,300,0,1257,2208,326,2366,141,155,130,659,54,22,56,922,837,2040,141,1505,226,27,3158,9,0,952,144,952,854,2131,1836,723,367,118,0,0,0,346,31,0,0,9,81,53,0,0,0,0,0,0,0,0,1226,330,205,27,3,332,175,1306,4992,2911,1083,557,183,216,2911,1222,0,411,158,12,216,2911,1346,362,248,32,22,0,0,0,8534,408,600,2606,963,1017,835,750,717,616,848,2788,1982,1205,1719,4710,2685,585,528,21,0,0,0,6756,446,213,767,293,4138,4396,916,3314,4307,7552,250,159,536,7,7552,0,0,7,0,3,3,0,31,6,31,41,24,732,7552,978,8059,444,7,7,341.8,CommercialBuildingArea_ForestryArea_OtherArea_Residential,4,Bremen
44,44.0,6085,0,2778,4,0,3152,18,0,98,0,0,1658,49,0,0,4365,66,914,2631,1762,0,37,521,1421,1587,1061,745,585,0,0,0,6013,0,58,101,215,3797,702,771,60,1714,3015,3,579,434,127,0,6,1669,623,3663,84,456,373,1537,129,63,77,538,2073,678,84,2441,87,31,3147,93,0,2423,286,591,2089,678,3408,1426,732,287,0,0,0,355,81,0,6,9,169,116,0,0,0,0,0,0,0,0,2089,765,435,38,0,706,364,2283,5931,2298,1814,1186,381,175,2298,2471,0,500,315,33,175,2298,2159,835,468,56,6,0,0,0,11712,930,957,1542,1484,1663,1380,1407,1515,828,1695,1742,3149,2075,3050,4576,5285,929,894,24,0,0,0,9889,625,367,678,41,5472,6245,1209,5006,5502,10944,233,260,203,0,10944,10,3,3,0,3,0,0,48,3,53,68,31,389,10944,746,10910,777,0,3,339.5,CommercialBuildingArea_Residential,6,Bremen
45,45.0,3499,0,2597,0,0,748,0,0,24,0,0,286,0,0,0,3200,4,101,404,1939,0,17,51,201,491,848,794,777,0,0,0,3423,0,61,133,174,989,442,1060,162,289,3088,0,0,15,42,0,0,2141,743,511,40,1518,601,466,344,104,12,265,55,49,40,53,258,7,2948,21,0,2647,523,273,55,64,2638,895,942,232,0,0,0,123,29,3,0,0,52,24,0,0,0,0,0,0,0,0,1238,599,597,70,0,335,247,1920,3429,645,1089,1325,141,48,645,2149,0,204,111,3,48,645,1227,632,611,101,9,0,0,0,8755,1161,1074,494,993,1888,1090,892,770,290,2072,675,2917,1530,1535,3323,4665,313,376,12,0,0,0,7871,274,108,283,39,4278,4452,806,4219,3691,8445,102,44,61,0,8445,0,3,0,0,0,7,0,15,0,10,17,0,122,8445,257,8405,303,3,0,317.2,AgriculturalArea_Residential,7,Bremen
46,46.0,1683,0,798,0,0,821,0,0,47,0,0,210,95,0,0,1371,6,442,497,485,0,10,191,338,423,287,229,162,0,0,0,1660,0,19,55,313,1020,188,28,3,311,1000,13,221,10,0,0,83,399,323,912,43,185,242,288,57,34,65,454,206,120,43,301,135,92,1063,28,0,722,151,482,212,120,849,387,173,87,0,0,0,47,12,0,3,0,36,12,0,0,0,0,0,0,0,0,525,167,105,15,6,177,136,520,1613,718,454,290,84,39,718,653,0,78,68,3,39,718,526,188,118,24,12,0,0,0,3255,212,255,335,299,508,427,431,497,288,400,391,811,633,1011,1127,1453,366,300,6,0,0,0,2631,233,134,192,50,1531,1721,356,1356,1542,3013,72,110,33,0,3013,3,3,0,0,0,3,3,38,0,3,88,0,60,3013,241,2991,270,0,0,270.0,Residential,1,Bremen
47,47.0,5535,0,2624,6,0,2748,3,0,87,0,0,1863,9,0,0,3634,47,964,2833,1151,0,35,461,1011,2005,1009,535,345,0,0,0,5465,7,55,93,262,4391,346,179,6,1886,2101,78,941,230,95,0,0,1094,452,3767,191,334,341,1044,140,69,56,1235,1541,538,191,2098,183,9,2972,45,0,1751,276,1284,1595,616,3248,1355,732,324,0,0,0,214,59,3,3,15,205,138,0,0,0,0,0,0,0,0,1912,730,415,94,19,650,412,2170,5384,1977,1592,1199,466,133,1977,2429,0,310,374,36,133,1977,1935,762,460,146,29,0,0,0,11390,914,1121,1269,1210,1714,1579,1381,1543,683,1814,1487,2931,2277,2890,4090,5349,1003,942,12,0,0,0,8290,909,940,1069,126,5452,5936,1499,4213,5681,10114,225,827,163,3,10114,3,5,6,9,26,0,3,117,0,28,684,6,236,10114,1263,9897,1485,0,3,231.2,Residential,3,Bremen
48,48.0,3990,0,1036,0,0,2831,3,0,68,0,0,431,422,0,0,3103,87,676,2358,541,0,61,571,1056,1067,645,310,140,0,0,0,3917,53,18,38,62,3350,199,152,0,866,965,0,1234,256,202,0,218,619,176,2871,297,101,54,707,49,9,115,152,786,1663,297,1250,26,734,1701,83,0,874,176,153,790,1947,2505,769,760,266,0,0,0,117,105,12,0,9,290,97,0,0,0,0,0,0,0,0,1135,565,467,176,132,332,247,1905,3894,1287,885,1167,450,94,1287,1807,0,236,398,16,94,1287,1159,572,483,187,150,0,0,0,9705,1182,1452,1299,1041,1304,1205,769,948,489,2328,1604,2350,1576,1843,4171,4087,720,713,3,0,0,0,5792,802,1217,1735,142,4636,5054,1293,2791,5611,7821,335,1015,457,42,7821,3,13,12,32,15,5,3,228,0,113,758,32,591,7821,1881,7555,2084,12,48,223.0,Residential,3,Bremen
49,49.0,2201,0,1587,6,0,548,0,0,6,0,0,365,3,0,0,1828,0,155,583,1039,0,3,79,220,455,620,457,307,0,0,0,2166,0,26,15,181,1081,340,312,15,374,1746,4,0,39,3,0,5,681,422,1032,29,439,349,700,111,45,24,192,226,40,29,136,153,18,1783,28,0,1529,216,193,238,40,1518,636,428,205,0,0,0,62,12,3,6,0,19,36,0,0,0,0,0,0,0,0,794,367,232,39,3,247,181,1046,2159,556,714,675,98,45,556,1279,0,96,68,12,45,556,815,391,237,66,12,0,0,0,5191,385,555,585,548,849,811,642,556,230,838,710,1401,1168,1097,1845,2699,338,292,3,0,0,0,4162,306,219,409,47,2549,2651,590,2216,2376,4897,54,156,47,3,4897,0,3,0,0,3,0,0,12,0,0,117,3,84,4897,281,4693,489,0,3,222.0,CommercialBuildingArea_Residential,5,Bremen
50,50.0,3276,0,1101,3,0,2122,7,0,23,0,0,876,7,0,4,2370,3,897,1799,295,0,337,419,594,1096,470,185,74,0,0,0,3270,5,0,0,0,2986,188,22,0,891,506,0,1612,46,54,0,0,737,136,2270,105,42,15,423,9,0,0,483,794,1349,105,2758,0,30,293,0,0,498,9,501,820,1406,1856,759,430,199,0,0,0,77,52,0,6,9,175,75,0,0,0,0,0,0,0,0,1034,414,318,70,15,357,188,1304,3231,1296,848,719,294,68,1296,1393,0,165,260,18,68,1296,1043,422,338,84,21,0,0,0,6631,571,689,866,715,912,1000,753,842,300,1088,1036,1622,1396,1489,2469,3103,483,568,3,0,0,0,4069,745,731,1020,50,3235,3389,1135,2150,3347,5556,225,593,246,0,5556,13,0,0,20,7,0,0,133,6,51,383,39,353,5556,1071,5306,1317,0,0,240.0,Residential,1,Bremen
51,51.0,5147,0,2255,6,0,2624,6,0,178,0,0,1030,16,0,0,4092,154,1255,1905,1170,0,171,309,1147,1483,990,487,420,0,0,0,4979,92,69,219,952,2926,557,155,3,1049,2548,571,470,155,7,0,86,1535,1040,2430,117,755,410,613,261,159,146,1576,847,235,117,653,829,400,3013,21,0,1814,578,1607,894,235,2586,1101,580,227,0,0,0,155,51,0,3,9,153,63,0,0,0,0,0,0,0,0,1542,562,343,42,3,500,296,1765,4908,2115,1302,947,316,169,2115,1946,0,266,269,21,169,2115,1625,585,393,51,27,0,0,0,9632,708,888,1314,1134,1517,1346,1164,1059,511,1392,1504,2637,1970,2121,3772,4324,663,862,9,0,0,0,7648,505,775,609,47,4753,4879,956,3558,5129,8381,165,784,215,0,8381,11,0,6,0,38,0,0,30,3,20,579,9,405,8381,1243,8865,740,0,3,235.7,CommercialBuildingArea_Residential,9,Bremen
52,52.0,5758,0,1881,3,0,3616,26,3,179,0,0,1549,3,0,0,4194,116,1925,2539,857,0,141,857,1848,1404,687,399,346,0,0,0,5505,7,238,677,1317,2993,390,151,22,1556,3303,35,429,151,49,0,7,478,328,4741,156,30,82,919,45,52,730,2289,1031,347,156,126,1315,32,4127,15,6,1105,859,2363,1054,363,2375,872,444,168,0,0,0,343,82,3,3,3,184,98,0,0,0,0,0,0,0,0,1517,458,299,31,6,302,252,1813,5519,2853,1221,755,379,294,2853,1503,0,472,338,21,294,2853,1634,543,339,64,15,0,0,0,10085,723,783,1584,1498,1769,1388,1038,794,475,1326,1764,3275,1942,1752,4859,3510,629,1052,24,0,0,3,8428,524,486,531,102,5024,5042,914,3780,5365,8894,335,478,333,15,8894,13,23,23,0,42,0,3,64,8,18,241,3,639,8894,1187,9540,506,3,18,385.9,CommercialBuildingArea_OtherArea_Residential,6,Bremen
53,53.0,4834,0,1753,0,0,2848,12,0,140,0,0,815,3,0,0,3982,102,1361,1666,1051,0,122,523,1254,1230,719,481,378,0,0,0,4603,17,209,614,742,2521,492,171,6,829,2706,50,261,627,97,0,12,1694,816,2085,181,541,434,502,324,165,102,1607,702,225,181,732,589,119,3217,18,0,1544,611,1670,785,225,2471,826,626,240,0,0,0,183,61,3,6,12,203,82,0,0,0,0,0,0,0,0,1321,569,381,79,47,323,282,1835,4610,1917,1047,995,406,187,1917,1715,0,311,334,27,187,1917,1400,579,403,111,84,0,0,0,9960,933,1135,1473,1279,1632,1254,1019,798,444,1803,1711,2912,1796,1725,4425,3955,639,930,3,0,0,3,7524,528,1269,490,63,5170,4776,871,3318,5740,7908,300,1461,201,20,7908,9,6,9,0,21,8,0,79,6,12,1216,3,537,7908,2043,9089,826,0,31,197.7,AgriculturalArea_CommercialBuildingArea_Residential,7,Bremen
54,54.0,2502,0,1640,0,0,747,0,0,59,0,0,357,43,0,0,2097,9,192,723,1084,0,6,116,274,520,634,482,382,0,0,0,2471,0,27,240,130,1471,263,165,12,406,1982,0,3,44,9,0,0,1045,535,874,20,592,441,412,249,82,97,291,306,16,20,129,248,23,1987,12,0,1458,438,296,312,16,1714,739,395,207,0,0,0,73,33,0,3,3,56,43,0,0,0,0,0,0,0,0,968,426,256,16,6,295,241,1161,2407,606,842,706,152,48,606,1361,0,144,123,9,48,606,972,440,277,37,10,0,0,0,5613,456,585,498,623,943,773,813,615,319,909,630,1559,1215,1308,1907,2875,454,368,9,0,0,0,4923,216,201,170,37,2726,2887,407,2708,2486,5324,44,181,18,3,5324,3,6,0,0,3,0,0,6,3,6,142,0,70,5324,268,5325,279,0,3,217.3,CommercialBuildingArea_Residential,3,Bremen
55,55.0,2556,0,1405,0,0,1059,0,0,35,0,0,690,8,0,0,1839,6,300,980,856,0,3,195,435,714,542,320,228,0,0,0,2495,0,55,131,139,1334,545,146,9,701,1443,0,279,6,32,0,3,929,286,1213,109,469,224,333,288,45,20,203,261,586,109,437,171,315,1484,3,0,1044,368,211,267,667,1658,664,423,178,0,0,0,60,29,9,3,3,90,44,0,0,0,0,0,0,0,0,894,427,251,26,9,239,189,1206,2487,764,755,696,188,39,764,1288,0,130,159,16,39,764,885,441,265,31,18,0,0,0,5611,480,615,589,637,949,829,724,567,180,995,717,1597,1264,1043,2034,2828,361,366,6,0,0,0,4490,383,289,379,27,2757,2836,599,2529,2464,5220,80,226,63,0,5220,3,0,0,6,9,0,0,48,3,24,165,0,90,5220,382,5006,590,0,0,211.9,CommercialBuildingArea_OtherArea_Residential,4,Bremen
56,56.0,164,0,49,0,0,68,0,3,0,0,0,19,0,0,0,138,4,0,24,18,0,0,4,13,24,15,3,9,0,0,0,127,0,32,38,24,31,6,9,0,19,119,0,0,3,0,0,0,110,3,4,31,19,0,4,55,3,0,27,6,0,31,0,0,0,136,0,0,38,78,37,6,0,87,24,0,0,0,0,0,0,0,0,0,0,0,0,0,0,0,0,0,0,0,0,33,3,0,0,0,9,6,39,152,38,30,15,3,0,38,62,0,0,0,0,0,38,36,3,6,0,0,0,0,0,412,24,49,12,47,52,50,39,40,15,71,15,123,78,87,155,225,6,15,0,0,0,0,363,9,0,0,3,189,199,15,270,108,394,3,0,0,0,394,0,0,0,0,0,0,0,3,0,0,0,0,3,394,6,402,6,0,0,70.0,Residential,1,Bremen
57,57.0,3854,0,1272,3,0,2451,10,3,97,0,0,873,138,0,0,2835,148,1476,1453,678,0,114,490,1226,1014,450,272,256,0,0,0,3759,0,88,442,1290,1732,158,125,0,1018,2177,77,140,299,0,0,44,92,66,3624,49,6,3,882,9,6,397,1365,783,317,49,95,895,106,2657,17,0,924,423,1390,799,317,1688,517,325,140,0,0,0,300,83,0,3,12,178,90,0,0,0,0,0,0,0,0,1054,340,237,44,3,188,159,1338,3725,1796,822,554,309,241,1796,983,0,396,272,20,241,1796,1159,410,265,60,27,0,0,0,7016,494,624,1284,1086,1178,937,612,474,327,986,1418,2265,1287,1062,3738,2203,392,663,15,0,0,0,5977,302,333,350,45,3406,3608,642,2695,3679,6251,208,373,187,0,6251,3,9,12,0,0,3,3,48,0,3,303,0,304,6251,762,6683,324,0,0,800.0,Residential,1,Bremen
58,58.0,4065,0,833,6,0,3066,27,6,115,0,0,794,0,0,0,3259,207,2070,1245,478,0,174,535,1290,847,792,211,209,0,0,0,3848,46,169,553,545,2804,92,22,0,798,2209,797,32,18,3,0,14,102,94,3783,61,0,6,481,3,13,391,1930,868,284,61,883,1134,19,1944,21,0,503,419,1961,884,285,1316,372,249,77,3,0,0,319,65,0,6,6,137,56,0,0,0,0,0,0,0,0,865,243,177,18,6,134,118,1064,3905,2352,697,399,222,237,2352,697,3,391,199,21,237,2352,976,308,195,51,15,0,0,0,6357,398,394,1488,1086,1045,767,503,409,263,686,1593,2131,1031,914,3741,1633,356,601,27,0,0,0,5328,384,283,317,34,3069,3288,658,2520,3176,5708,264,225,161,3,5708,9,15,27,0,3,9,12,47,15,0,148,0,315,5708,650,6012,336,0,3,792.0,Residential_SpecialUseArea,2,Bremen
59,59.0,6846,0,2604,0,0,4045,33,0,115,0,0,2543,242,0,0,4023,222,1809,3174,1330,0,224,773,1535,2022,1223,552,450,0,0,0,6593,158,80,210,755,2733,1687,921,29,2807,2070,1006,28,467,3,0,186,553,372,5810,38,86,137,1087,40,25,182,1472,2305,1387,38,2270,391,200,3767,6,0,1358,245,1486,2323,1392,3102,1293,611,239,0,0,0,428,85,6,0,9,207,94,0,0,0,0,0,0,0,0,2015,622,382,49,3,631,358,2101,6655,3365,1728,999,383,176,3365,2157,0,561,331,22,176,3365,2036,695,427,81,18,0,0,0,12010,753,878,1469,1409,1891,1685,1555,1416,946,1437,1676,3305,2460,3140,5063,4678,1094,1144,34,0,0,0,10482,569,329,464,148,5388,6621,1066,4758,6187,11313,267,255,150,3,11313,0,20,12,0,0,3,7,42,6,34,150,12,305,11313,693,11438,547,6,3,595.0,Residential,2,Bremen
60,60.0,166,0,118,0,0,29,0,0,6,0,0,54,0,0,0,111,3,19,51,9,0,3,7,26,35,30,9,9,0,0,0,163,0,0,4,6,91,30,6,0,54,101,0,0,0,3,0,0,86,15,58,0,76,12,4,16,0,0,21,36,0,0,0,3,0,133,12,0,99,16,21,36,0,74,22,15,9,0,0,0,3,0,0,0,0,0,0,0,0,0,0,0,0,0,0,35,13,9,0,0,12,3,41,158,76,29,24,0,0,76,57,0,3,0,0,0,76,36,20,6,0,0,0,0,0,347,9,21,20,21,39,48,31,60,30,34,29,68,58,125,110,171,25,18,0,0,0,0,303,9,6,3,0,139,150,20,143,153,325,3,10,3,0,325,0,0,0,0,0,0,0,0,0,0,7,0,6,325,18,337,6,0,0,7.1,CommercialBuildingArea_OtherArea,3,Bremen
61,61.0,1693,0,526,0,0,1109,0,0,34,0,0,420,97,0,0,1170,58,548,809,180,0,72,143,484,596,223,76,64,0,0,0,1637,0,47,3,9,1659,0,3,0,521,609,29,417,22,18,0,6,150,60,1414,47,6,0,259,0,9,170,542,319,311,47,159,237,458,760,11,0,281,191,557,324,327,784,260,163,60,0,0,0,121,22,0,0,6,83,43,0,0,0,0,0,0,0,0,479,159,107,27,3,103,84,592,1644,790,378,257,157,63,790,480,0,152,141,6,63,790,500,175,114,33,6,0,0,0,3104,266,269,481,431,488,382,337,274,167,457,554,921,558,609,1417,1094,230,349,3,0,0,0,2459,138,261,204,30,1482,1624,323,1079,1696,2655,69,267,109,0,2655,12,3,0,0,3,6,0,20,7,0,201,3,178,2655,448,2840,256,0,0,455.0,Residential,1,Bremen
62,62.0,2362,0,742,0,0,1500,18,0,101,0,0,565,0,0,0,1795,22,1185,818,267,0,19,197,958,686,235,137,111,0,0,0,2289,0,67,36,118,2171,21,0,0,568,1428,16,187,56,35,0,7,129,58,2140,25,6,3,409,6,9,308,1222,345,11,25,33,1057,102,1111,15,0,431,326,1226,359,11,911,314,160,56,0,0,0,158,49,0,12,9,88,52,0,0,0,0,0,0,0,0,592,189,98,19,6,140,102,661,2244,1209,463,274,172,120,1209,532,0,208,142,34,120,1209,644,214,111,35,14,0,0,0,3957,261,344,671,558,678,482,399,368,204,520,754,1235,683,766,1943,1237,301,465,3,0,0,0,3202,278,208,251,7,1958,1998,460,1457,2039,3382,207,220,142,6,3382,3,6,6,0,0,0,0,36,7,9,161,3,294,3382,575,3703,239,3,6,464.5,Residential,2,Bremen
63,63.0,3740,0,1356,3,0,2192,31,0,136,0,0,875,24,0,0,2836,98,1430,1543,546,0,118,394,1218,1091,450,248,203,0,0,0,3468,0,274,834,561,2180,33,69,0,903,2474,6,128,30,61,3,15,283,88,3296,59,9,9,864,6,15,500,1524,517,210,59,67,1259,125,2188,24,0,905,534,1561,517,210,1569,520,271,99,0,0,0,294,84,6,15,6,171,80,0,0,0,0,0,0,0,0,1020,313,170,39,16,207,173,1195,3550,1716,810,462,294,265,1716,886,0,383,253,30,265,1716,1131,373,205,65,43,0,0,0,6673,466,535,1217,997,1115,877,660,506,289,872,1345,2112,1219,1116,3425,2100,429,705,12,0,0,0,5365,418,457,381,31,3372,3304,738,2316,3612,5581,320,504,249,3,5581,18,3,19,0,6,3,3,51,12,0,398,3,493,5581,1087,6288,369,0,10,462.9,Residential,2,Bremen
64,64.0,4051,0,1500,9,0,2353,18,3,136,0,0,829,42,0,0,3163,63,1191,1820,713,0,91,457,1160,1154,538,278,317,0,0,0,3906,0,138,630,1056,1808,237,178,0,878,2378,50,231,332,27,0,18,292,139,3498,106,46,30,939,34,23,494,1452,662,217,106,163,980,36,2751,14,0,1049,570,1487,671,251,1962,655,450,162,0,0,0,232,89,3,6,15,205,68,0,0,0,0,0,0,0,0,1128,443,260,69,24,218,225,1507,3853,1683,901,723,340,196,1683,1275,0,360,292,39,196,1683,1179,492,318,100,40,0,0,0,7890,698,767,1107,1053,1374,1109,793,647,342,1289,1278,2426,1558,1339,3723,2792,558,806,21,0,0,0,6386,432,551,456,41,3883,4007,711,2825,4357,6736,290,597,222,8,6736,27,0,13,0,0,3,0,67,14,0,433,3,501,6736,1149,7329,527,0,14,457.8,OtherArea_Residential,3,Bremen
65,65.0,2602,0,937,6,0,1533,0,0,107,0,0,366,12,0,0,2224,64,935,1039,439,0,70,278,698,800,352,199,168,0,0,0,2491,0,107,510,673,1220,131,21,0,382,1667,0,323,129,8,0,0,222,92,2219,54,28,26,770,47,13,294,792,497,60,54,58,507,254,1714,25,0,863,354,814,503,60,1218,412,248,116,0,0,0,169,46,0,0,0,102,68,0,0,0,0,0,0,0,0,736,272,143,16,11,150,141,919,2479,1134,587,430,198,128,1134,777,0,226,169,15,128,1134,763,302,177,33,29,0,0,0,4797,395,427,719,652,877,667,481,393,179,724,820,1527,919,810,2247,1745,315,471,19,0,0,0,3972,268,281,232,20,2459,2342,399,1750,2646,4114,193,339,131,8,4114,6,0,3,0,4,6,3,62,3,3,226,3,292,4114,684,4519,266,3,8,455.0,Residential,1,Bremen
66,66.0,247,0,151,0,0,68,0,0,3,0,0,24,0,0,0,223,0,27,49,24,0,0,8,32,51,18,14,12,0,0,0,223,0,21,0,41,155,9,0,0,24,191,0,15,0,0,0,0,145,0,76,7,117,0,26,17,0,3,49,8,0,7,0,6,17,152,18,0,159,27,52,8,0,90,26,13,6,0,0,0,3,0,0,0,0,9,0,0,0,0,0,0,0,0,0,49,15,9,3,0,6,21,43,241,101,31,24,20,3,101,61,0,3,12,0,3,101,53,19,9,3,0,0,0,0,595,38,31,26,27,60,63,61,90,30,66,38,94,93,210,153,281,42,54,3,0,0,0,498,19,21,19,0,223,263,43,236,281,552,17,19,0,3,552,0,0,0,0,3,0,0,6,0,0,15,0,12,552,39,559,29,0,3,50.2,CommercialBuildingArea_OtherArea_Residential,5,Bremen
67,67.0,303,0,62,3,0,221,7,0,6,0,0,50,0,0,0,252,3,84,106,59,0,6,18,97,90,38,14,14,0,0,0,283,0,20,16,19,184,0,0,56,51,146,0,28,44,11,0,0,75,0,208,13,0,0,53,3,0,13,70,71,66,13,55,46,28,150,0,0,61,20,73,71,67,127,50,20,7,0,0,0,17,0,0,0,0,11,6,0,0,0,0,0,0,0,0,85,27,6,3,0,17,10,91,285,141,69,33,25,15,141,78,0,22,17,0,15,141,84,31,6,6,0,0,0,0,518,40,42,68,91,88,83,57,31,10,72,78,178,112,73,235,195,21,57,0,0,0,0,394,30,27,47,7,287,236,49,155,312,420,32,26,37,0,420,0,0,0,0,0,3,0,3,3,3,20,3,53,420,98,477,39,0,0,347.0,CommercialBuildingArea_Residential,5,Bremen
68,68.0,3947,0,1129,3,0,2579,17,0,183,0,0,671,12,0,0,3247,82,1510,1607,545,0,88,584,1259,1026,446,278,220,0,0,0,3723,8,212,694,1131,1450,367,177,0,693,2217,22,182,394,78,3,143,422,278,3086,131,13,19,838,27,18,349,1223,940,324,131,369,912,35,2438,66,0,901,405,1274,963,370,1879,592,398,193,0,0,0,200,101,0,9,9,202,98,0,0,0,0,0,0,0,0,1031,429,274,85,40,225,255,1406,3716,1635,795,719,367,208,1635,1190,0,314,313,34,208,1635,1096,481,288,129,73,0,0,0,7827,713,842,1102,1064,1213,1002,852,672,366,1372,1290,2277,1483,1403,3568,2806,547,891,0,0,0,3,5623,671,1005,445,69,4019,3808,690,2458,4676,5843,580,1131,253,9,5843,37,20,14,0,21,9,6,119,6,20,875,12,758,5843,1986,7188,612,3,9,352.7,Residential,2,Bremen
69,69.0,4572,0,1073,6,0,3285,10,0,167,0,0,882,233,0,0,3435,74,1975,1868,339,0,57,630,1697,1535,305,174,104,0,0,0,4443,4,122,173,1019,2358,184,634,20,1125,1294,61,411,1400,0,20,0,139,108,4130,148,9,9,526,10,9,236,1613,1715,231,148,1516,472,31,2378,36,0,573,264,1638,1732,333,2198,743,467,162,0,0,0,209,102,6,15,9,315,119,0,0,0,0,0,0,0,0,1298,499,279,77,26,308,285,1622,4363,1981,953,746,504,179,1981,1360,0,326,460,33,179,1981,1353,546,310,101,47,0,0,0,8612,934,878,1221,1096,1312,1024,1016,797,350,1609,1421,2402,1514,1670,3879,3150,607,968,0,0,0,0,6372,515,1064,570,67,4172,4438,695,2755,5163,6555,354,1338,349,3,6555,24,6,9,0,6,10,0,85,3,17,1084,23,680,6555,2049,7862,731,0,6,308.6,Residential,3,Bremen
70,70.0,4726,0,1106,3,0,3350,16,0,216,0,0,477,8,0,0,4227,145,2112,1606,600,0,178,1188,1331,830,580,324,225,0,0,0,4570,38,114,628,1512,2025,229,193,14,489,1891,216,358,1417,11,0,71,470,228,3967,35,45,61,692,40,50,308,1689,1285,475,35,1376,629,21,2487,72,7,839,396,1712,1286,475,2134,658,541,201,0,0,0,206,80,0,9,6,231,93,0,0,0,0,0,0,0,0,1125,455,337,122,55,230,278,1628,4456,2145,868,859,406,178,2145,1393,0,321,345,32,178,2145,1191,477,371,159,99,0,0,0,9268,962,991,1415,1276,1450,1192,946,671,371,1724,1644,2721,1722,1458,4439,3315,566,939,9,0,0,0,6506,504,1485,659,97,4841,4428,708,2792,5764,6751,323,1732,424,20,6751,18,0,6,0,13,3,0,65,0,25,1394,18,876,6751,2515,8380,828,9,26,269.7,Residential,4,Bremen
71,72.0,3906,0,1636,0,0,2016,16,0,184,0,0,408,9,0,0,3461,13,1036,1627,805,0,37,585,817,1019,690,357,290,0,0,0,3791,9,101,261,1523,1247,375,215,0,420,2358,0,210,643,9,20,57,703,509,2336,302,211,242,1088,101,96,279,1037,331,135,302,384,731,17,2522,106,0,1600,504,1060,352,363,2155,789,487,232,0,0,0,132,55,3,6,3,194,73,0,0,0,0,0,0,0,0,1164,519,283,59,39,267,254,1580,3670,1382,930,841,346,98,1382,1523,0,250,292,33,98,1382,1162,542,334,89,71,0,0,0,8429,738,886,1159,1044,1397,1111,941,720,401,1440,1363,2447,1660,1527,3606,3388,680,734,12,0,0,6,6521,466,639,539,211,4310,4114,828,3228,4363,7239,205,679,222,29,7239,13,6,6,0,9,3,0,76,7,17,495,6,448,7239,1181,7655,725,3,38,197.8,CommercialBuildingArea_Residential_SpecialUseArea,6,Bremen
72,73.0,3248,0,1532,6,0,1561,3,0,98,0,0,826,0,0,0,2404,45,675,1197,784,0,45,465,697,779,558,365,245,0,0,0,3171,6,71,183,396,1331,742,284,6,833,1802,0,0,429,11,0,45,1334,511,1311,48,452,313,322,351,103,30,780,595,210,48,261,247,84,2472,14,0,1138,522,801,596,210,1795,738,375,175,0,0,0,142,44,0,3,6,92,47,0,0,0,0,0,0,0,0,1047,413,208,32,32,305,230,1225,3096,1195,896,651,216,72,1195,1303,0,224,165,21,72,1195,1054,431,251,43,42,0,0,0,6689,515,661,718,766,1065,953,850,724,388,1057,892,1831,1396,1508,2649,2876,536,612,6,0,0,0,5464,403,323,335,69,3300,3376,662,3070,2942,6097,151,287,130,6,6097,11,6,0,8,0,0,0,52,9,14,197,5,193,6097,585,6142,529,3,6,181.0,AgriculturalArea_CommercialBuildingArea_Residential,5,Bremen
73,74.0,130,0,90,0,0,15,0,0,3,0,0,6,0,0,0,124,0,0,9,30,0,0,0,0,18,24,9,18,0,0,0,120,0,3,34,12,29,9,3,0,6,121,0,0,0,0,0,0,104,9,0,3,81,3,0,21,6,0,6,0,0,3,0,6,0,107,3,0,95,35,6,0,0,79,18,9,3,0,0,0,0,0,0,0,0,0,0,0,0,0,0,0,0,0,0,36,6,6,0,0,6,18,36,127,25,19,21,3,3,25,54,0,0,3,0,3,25,29,3,6,3,0,0,0,0,361,34,38,15,33,74,44,42,41,0,64,30,117,73,70,152,188,12,18,0,0,0,0,342,0,0,0,0,161,187,19,160,161,357,0,0,0,0,357,0,0,0,0,0,0,0,0,0,0,0,0,0,357,0,354,3,0,0,26.9,AgriculturalArea_Residential,3,Bremen
74,75.0,5218,0,1786,3,0,3272,18,0,74,0,0,785,28,0,0,4387,22,1263,2380,893,0,119,786,1191,1493,760,423,278,0,0,0,5097,6,113,207,248,3805,481,211,3,821,2050,67,1040,931,9,0,17,1648,417,3007,88,522,215,621,216,83,51,887,1870,609,88,1632,290,47,3003,22,0,1405,362,931,1887,609,2932,1092,669,268,0,0,0,176,65,6,12,31,254,127,0,0,0,0,0,0,0,0,1664,661,409,97,18,494,346,2059,5084,2027,1310,1086,505,91,2027,2074,0,302,417,59,91,2027,1640,716,441,119,28,0,0,0,10575,868,1080,1276,1264,1550,1515,1180,1237,581,1737,1523,2810,2177,2349,4212,4510,889,933,9,0,0,0,7764,811,778,1079,73,5101,5461,1409,4636,4525,9449,209,681,187,3,9449,19,6,12,12,9,3,3,103,3,57,493,10,293,9449,1116,8887,1660,0,3,181.8,CommercialBuildingArea_Residential,4,Bremen
75,76.0,4327,0,2064,0,0,2015,35,3,114,0,0,1157,80,0,0,3081,5,826,1607,1132,0,28,367,946,1084,709,525,517,0,0,0,4239,0,87,243,305,2833,439,203,6,1242,2339,15,337,126,8,12,78,2125,513,1597,68,835,178,649,266,47,49,1263,653,291,68,39,423,110,3539,23,0,1695,385,1289,661,302,2329,940,401,233,0,0,0,146,43,0,3,9,157,92,0,0,0,0,0,0,0,0,1421,485,270,49,3,471,257,1547,4112,1666,1142,803,346,87,1666,1656,0,243,280,19,87,1666,1421,538,297,65,6,0,0,0,8821,579,847,973,834,1271,1258,1103,1069,824,1257,1184,2117,1828,2449,3472,3632,908,802,6,0,0,0,7530,480,201,387,113,4139,4679,909,4506,3394,8403,101,139,92,17,8403,9,7,3,3,0,3,0,32,6,19,61,6,170,8403,384,8208,586,0,17,207.9,Residential,2,Bremen
76,77.0,3184,0,1543,7,0,1506,12,0,59,0,0,1100,64,0,0,2010,172,411,1283,780,0,205,243,621,860,516,309,333,0,0,0,2892,271,14,110,217,1727,458,221,201,1175,1254,0,5,357,315,0,3,1332,368,1251,202,650,164,172,168,27,68,947,390,383,202,205,208,157,2476,6,0,997,279,951,404,554,1701,734,330,139,0,0,0,202,25,0,0,0,63,41,0,0,0,0,0,0,0,0,1071,332,201,15,3,327,233,1112,3065,1226,954,566,163,96,1226,1249,0,249,141,0,96,1226,1032,442,231,25,3,0,0,0,6210,437,576,850,575,870,801,826,767,507,820,1048,1456,1203,1696,2456,2706,576,453,6,0,0,0,5095,402,132,318,199,2931,3272,673,2774,2758,5638,200,127,179,13,5638,7,6,3,3,0,3,0,27,48,21,34,6,328,5638,558,5873,315,0,13,209.4,Residential,3,Bremen
77,78.0,3632,0,1064,6,0,2294,59,0,176,0,0,976,57,0,0,2582,58,924,1572,685,0,84,683,1038,795,488,206,285,0,0,0,3258,25,345,618,371,1220,837,286,35,1039,1646,326,92,285,27,0,20,1481,396,1516,241,533,75,171,210,44,47,1164,864,223,241,24,377,271,2812,9,0,822,340,1214,877,340,1594,634,297,144,0,0,0,150,26,0,0,3,155,58,0,0,0,0,0,0,0,0,978,323,196,37,6,298,241,1056,3363,1638,809,517,260,115,1638,1098,0,216,230,6,115,1638,1005,354,224,57,16,0,0,0,6388,435,621,844,681,1015,882,847,728,375,911,981,1687,1293,1542,2696,2492,529,664,12,0,0,0,5158,431,357,356,35,3029,3357,823,2676,2882,5661,172,345,172,0,5661,3,0,26,0,3,3,0,46,6,15,234,11,293,5661,722,5865,492,0,3,273.9,MixedUseArea_Residential,12,Bremen
78,79.0,2769,0,995,0,0,1611,6,0,126,0,0,206,0,0,0,2565,252,508,1073,569,0,375,253,599,576,428,245,225,0,0,0,2523,191,51,469,386,1396,135,76,190,207,1319,76,151,462,369,15,35,1138,320,1045,232,578,227,179,220,39,15,345,174,737,232,605,219,286,1486,59,0,1010,287,368,174,939,1435,533,356,141,0,0,0,92,22,0,12,0,102,36,0,0,0,0,0,0,0,0,766,329,195,62,47,214,190,1003,2618,1083,653,569,185,71,1083,1057,0,147,155,16,71,1083,769,342,229,80,61,0,0,0,5619,522,731,819,583,812,710,609,558,269,1057,1034,1395,1043,1109,2529,2348,392,339,0,0,0,0,3965,374,515,550,178,2770,2857,606,1950,3063,4277,266,613,382,55,4277,3,40,6,4,0,3,0,58,43,13,340,16,749,4277,1340,5023,517,3,57,175.3,CommercialBuildingArea_Residential,4,Bremen
79,80.0,2543,0,1444,0,0,938,3,0,97,0,0,316,0,0,0,2230,25,237,929,842,0,41,176,264,603,501,461,364,0,0,0,2521,6,9,122,206,1622,303,53,3,318,1655,147,46,241,25,0,0,1283,329,863,36,810,109,463,227,24,19,200,328,319,36,392,96,73,1843,12,0,1418,286,208,344,319,1554,665,338,131,0,0,0,70,30,3,0,0,67,43,0,0,0,0,0,0,0,0,898,297,221,24,9,315,175,1001,2405,761,778,577,158,42,761,1175,0,149,140,3,42,761,918,318,241,40,15,0,0,0,5374,419,603,535,467,818,708,721,688,374,896,680,1291,1072,1441,2021,2555,425,345,3,0,0,0,4586,305,150,196,54,2568,2793,672,2549,2143,5054,96,127,52,0,5054,6,3,16,0,3,0,3,20,3,3,47,0,145,5054,307,5048,313,0,0,192.6,OtherArea_Residential,4,Bremen
80,81.0,3672,0,1618,5,0,1852,10,0,112,0,0,420,0,0,0,3243,0,767,1512,787,0,12,348,787,997,688,463,289,0,0,0,3611,0,47,140,380,2517,244,160,3,423,1999,218,6,851,0,0,0,1394,531,1598,115,705,349,343,311,105,21,864,713,132,115,436,425,117,2535,9,0,1425,458,880,802,132,2114,857,469,193,0,0,0,87,19,0,6,3,160,102,0,0,0,0,0,0,0,0,1247,424,281,62,6,384,294,1401,3492,1281,987,762,344,42,1281,1557,0,166,278,18,42,1281,1223,469,336,62,15,0,0,0,7420,594,810,724,753,1291,1013,909,891,387,1222,892,2061,1482,1743,2847,3387,577,569,6,0,0,0,6042,396,589,267,56,3612,3787,796,3352,3267,6596,125,573,69,0,6596,0,6,9,0,0,0,0,36,0,6,495,0,188,6596,796,6900,510,0,0,168.2,Residential,2,Bremen
81,81.0,3672,0,1618,5,0,1852,10,0,112,0,0,420,0,0,0,3243,0,767,1512,787,0,12,348,787,997,688,463,289,0,0,0,3611,0,47,140,380,2517,244,160,3,423,1999,218,6,851,0,0,0,1394,531,1598,115,705,349,343,311,105,21,864,713,132,115,436,425,117,2535,9,0,1425,458,880,802,132,2114,857,469,193,0,0,0,87,19,0,6,3,160,102,0,0,0,0,0,0,0,0,1247,424,281,62,6,384,294,1401,3492,1281,987,762,344,42,1281,1557,0,166,278,18,42,1281,1223,469,336,62,15,0,0,0,7420,594,810,724,753,1291,1013,909,891,387,1222,892,2061,1482,1743,2847,3387,577,569,6,0,0,0,6042,396,589,267,56,3612,3787,796,3352,3267,6596,125,573,69,0,6596,0,6,9,0,0,0,0,36,0,6,495,0,188,6596,796,6900,510,0,0,168.2,Residential,2,Bremen
82,82.0,4276,0,1568,3,0,2473,18,0,154,0,0,944,0,0,5,3317,20,1437,1560,783,0,99,576,1256,1051,523,403,301,0,0,0,4142,0,131,513,516,2586,355,122,0,952,2122,673,0,370,19,0,3,1748,680,1703,123,625,170,390,425,88,61,1633,610,134,123,22,686,342,3070,21,3,1214,574,1669,662,147,2032,815,356,164,0,0,0,187,40,3,9,12,197,75,0,0,0,0,0,0,0,0,1281,428,247,18,6,431,239,1370,4054,1892,1019,619,385,84,1892,1357,0,281,332,20,84,1892,1295,461,273,36,21,0,0,0,7812,523,721,941,846,1302,1061,947,911,572,1082,1102,2147,1538,1946,3160,3083,712,855,3,0,0,0,6440,513,423,285,96,3783,4036,1060,3560,3193,7069,197,393,96,8,7069,3,22,11,0,3,3,0,75,0,3,308,0,220,7069,742,7278,497,0,11,167.6,Residential,2,Bremen
83,83.0,4738,0,1651,3,0,2758,29,0,247,0,0,822,6,0,0,3882,6,1118,2050,916,0,41,586,1444,1113,703,394,372,0,0,0,4587,0,144,605,703,2475,493,222,3,832,2394,489,0,687,61,0,13,2596,796,1197,72,665,312,288,450,73,55,1339,884,526,72,71,472,250,3709,24,0,1325,614,1372,902,526,2475,882,575,234,0,0,0,155,82,6,9,12,219,112,0,0,0,0,0,0,0,0,1355,542,372,72,55,396,323,1726,4412,1800,1065,960,464,101,1800,1706,0,293,388,33,101,1800,1370,568,383,105,82,0,0,0,9560,956,1170,1229,1113,1499,1215,1062,907,420,1853,1496,2597,1737,1909,4255,3782,674,857,3,0,0,0,7411,539,960,507,69,4756,4808,1176,3903,4486,7952,268,1121,128,35,7952,0,23,15,3,0,0,0,39,0,9,767,0,622,7952,1605,8669,837,3,42,139.8,CommercialBuildingArea_Residential,6,Bremen
84,84.0,2168,0,1145,3,0,879,11,0,88,0,0,419,0,0,3,1738,34,381,729,604,0,62,171,380,542,372,264,290,0,0,0,2068,52,37,277,264,1096,253,126,0,425,1377,136,0,51,109,0,0,1236,266,617,30,631,140,163,266,49,61,351,288,173,30,6,210,156,1690,19,0,953,380,370,288,174,1185,480,253,140,0,0,0,61,3,0,6,3,63,30,0,0,0,0,0,0,0,0,668,272,160,21,6,202,147,809,2037,776,559,452,149,33,776,904,0,96,120,15,33,776,665,299,187,27,12,0,0,0,4375,262,519,431,377,719,635,528,510,382,690,536,1100,908,1156,1617,1948,459,336,0,0,0,0,3759,225,139,162,46,2092,2273,563,2346,1449,4158,40,96,43,3,4158,0,0,3,0,3,0,0,10,0,3,54,0,91,4158,205,4122,252,0,3,134.2,CommercialBuildingArea_Residential,2,Bremen
85,85.0,5945,0,2137,0,0,3409,22,0,309,0,0,354,0,0,0,5575,30,1717,2147,1184,0,29,911,1787,1161,925,518,437,0,0,0,5853,0,85,159,536,4179,464,272,3,357,2780,1539,519,440,23,0,0,2017,1438,2348,80,1096,343,434,488,161,86,2115,774,331,80,269,302,787,4322,28,0,1922,763,2139,809,331,3241,1227,664,348,0,0,0,150,76,0,24,6,252,155,0,0,0,0,0,0,0,0,1816,683,453,110,38,508,440,2248,5571,2165,1442,1230,547,120,2165,2322,0,312,452,44,120,2165,1804,748,505,134,53,0,0,0,11743,1027,1327,1425,1195,1898,1660,1374,1294,553,2025,1750,3107,2352,2528,4761,5076,903,987,6,0,0,0,9364,664,899,680,57,5760,5980,1474,5463,4802,10475,202,827,145,15,10475,0,0,15,3,6,0,0,60,0,13,702,0,329,10475,1254,10641,1073,6,15,132.4,AgriculturalArea_Residential,3,Bremen
86,86.0,1428,0,836,6,0,496,0,0,55,0,0,174,3,0,0,1252,3,168,392,422,0,25,65,222,352,247,225,215,0,0,0,1381,0,48,109,114,893,149,24,0,178,1083,44,3,29,35,0,0,985,264,141,22,527,168,37,256,79,4,228,33,77,22,19,154,30,1153,9,0,747,341,248,33,77,861,370,166,85,0,0,0,40,9,0,0,3,48,6,0,0,0,0,0,0,0,0,521,178,88,6,3,136,108,580,1340,443,428,306,98,12,443,653,0,63,72,3,12,443,505,195,96,15,3,0,0,0,2913,227,308,279,255,496,464,358,320,153,468,367,776,667,644,1066,1436,227,173,0,0,0,0,2566,118,49,116,15,1469,1437,331,1607,971,2799,27,31,30,0,2799,0,0,8,0,0,0,0,9,0,0,25,0,47,2799,99,2765,147,0,0,108.8,CommercialBuildingArea_Residential,4,Bremen
87,87.0,1008,0,749,0,0,215,0,0,6,0,0,95,0,0,0,913,0,18,181,475,0,0,13,70,186,252,249,161,0,0,0,993,0,6,97,105,360,209,99,0,95,886,0,0,0,0,3,3,768,169,45,3,542,142,27,136,19,3,86,26,18,3,3,43,3,902,3,0,729,168,89,26,18,722,295,147,96,0,0,0,24,9,0,3,3,30,21,0,0,0,0,0,0,0,0,413,152,115,0,3,97,108,493,974,201,334,278,87,12,201,559,0,46,59,6,12,201,401,164,139,3,3,0,0,0,2353,190,256,201,218,429,385,305,241,92,394,263,654,550,491,843,1219,148,143,3,0,0,0,2105,97,33,62,6,1158,1190,228,1287,846,2259,23,23,13,6,2259,0,3,0,0,0,3,0,0,4,0,7,0,38,2259,81,2253,81,0,6,111.2,Residential,2,Bremen
88,88.0,5896,0,4047,0,0,1584,0,0,83,0,0,1047,0,0,0,4845,3,374,1016,2858,0,18,254,592,971,1119,1031,1436,0,0,0,5772,58,53,229,283,2406,1067,944,24,1051,4401,7,209,22,58,0,18,3848,773,1077,95,2553,578,570,520,90,30,544,520,374,95,510,230,87,4744,12,0,3786,683,555,547,408,3954,1656,942,333,0,0,0,225,36,0,0,6,76,71,0,0,0,0,0,0,0,0,2212,743,580,92,6,792,510,2426,5728,1541,1951,1577,274,66,1541,3183,0,310,202,6,66,1541,2206,791,601,112,12,0,0,0,13179,1060,1329,1003,1180,2197,1764,1877,1749,763,2166,1326,3405,2640,3617,4550,6896,833,784,13,0,0,0,11365,615,224,594,88,6285,6866,1390,6048,5687,12535,224,133,134,0,12535,0,0,6,0,0,13,6,53,3,25,52,6,262,12535,559,12416,682,9,0,342.2,AgriculturalArea_Residential,12,Bremen
